id,password,last_login,is_superuser,groups,user_permissions,username,first_name,last_name,email,is_staff,is_active,date_joined,address,age,zip_code
3,1234kazu02,,0,,"4,38,40",kazuhiro02,,,,1,1,2022-01-15 05:35:30,片倉,,192-0915
4,1234kazu03,,0,,"4,38,40",kazuhiro03,,,,1,1,2022-01-15 05:35:30,片倉,,192-0916
5,1234kazu04,,0,,"4,38,40",kazuhiro04,,,,1,1,2022-01-15 05:35:30,片倉,,192-0917
6,1234kazu05,,0,,"4,38,40",kazuhiro05,,,,1,1,2022-01-15 05:35:30,片倉,,192-0918
7,1234kazu06,,0,,"4,38,40",kazuhiro06,,,,1,1,2022-01-15 05:35:30,片倉,,192-0919
8,1234kazu07,,0,,"4,38,40",kazuhiro07,,,,1,1,2022-01-15 05:35:30,片倉,,192-0920
9,1234kazu08,,0,,"4,38,40",kazuhiro08,,,,1,1,2022-01-15 05:35:30,片倉,,192-0921
10,1234kazu09,,0,,"4,38,40",kazuhiro09,,,,1,1,2022-01-15 05:35:30,片倉,,192-0922
11,1234kazu10,,0,,"4,38,40",kazuhiro10,,,,1,1,2022-01-15 05:35:30,片倉,,192-0923
12,1234kazu11,,0,,"4,38,40",kazuhiro11,,,,1,1,2022-01-15 05:35:30,片倉,,192-0924
13,1234kazu12,,0,,"4,38,40",kazuhiro12,,,,1,1,2022-01-15 05:35:30,片倉,,192-0925
14,1234kazu13,,0,,"4,38,40",kazuhiro13,,,,1,1,2022-01-15 05:35:30,片倉,,192-0926
15,1234kazu14,,0,,"4,38,40",kazuhiro14,,,,1,1,2022-01-15 05:35:30,片倉,,192-0927
16,1234kazu15,,0,,"4,38,40",kazuhiro15,,,,1,1,2022-01-15 05:35:30,片倉,,192-0928
17,1234kazu16,,0,,"4,38,40",kazuhiro16,,,,1,1,2022-01-15 05:35:30,片倉,,192-0929
18,1234kazu17,,0,,"4,38,40",kazuhiro17,,,,1,1,2022-01-15 05:35:30,片倉,,192-0930
19,1234kazu18,,0,,"4,38,40",kazuhiro18,,,,1,1,2022-01-15 05:35:30,片倉,,192-0931
20,1234kazu19,,0,,"4,38,40",kazuhiro19,,,,1,1,2022-01-15 05:35:30,片倉,,192-0932
,,,0,,"4,38,40",kazuhiro20,,,,1,1,2022-01-15 05:35:30,片倉,,192-0933
